,Emp ID,First Name,Last Name,State Abv,Correct DOB,Hidden SSN
0,214,Sarah,Simpson,FL,12/04/1985,***-**-8166
1,15,Samantha,Lara,CO,09/08/1993,***-**-7526
2,411,Stacy,Charles,PA,12/20/1957,***-**-8526
3,166,Michelle,Roy,MI,07/29/1978,***-**-3944
4,39,Joseph,Rogers,MN,03/28/1985,***-**-3515
5,423,Erica,Hines,NY,10/13/1975,***-**-6153
6,192,Zoe,Patel,WI,12/20/1967,***-**-0817
7,162,Matthew,Harvey,TN,01/20/1990,***-**-0346
8,131,Shawn,Davis,WV,07/21/1961,***-**-1581
9,20,April,Baldwin,MO,08/07/1961,***-**-2014
10,246,Vincent,Daniels,MT,01/06/1972,***-**-2754
11,525,Ann,Fields,IA,08/22/1960,***-**-7911
12,392,Jeffrey,Pearson,IL,05/05/1979,***-**-2578
13,474,Heather,Johnson,GA,09/23/1989,***-**-0904
14,478,Melissa,Fletcher,RI,03/14/1979,***-**-6881
15,101,Kimberly,Alvarez,LA,09/04/1984,***-**-8680
16,52,Monica,Jimenez,ND,04/08/1988,***-**-1668
17,182,Steven,Johnson,NE,05/28/1962,***-**-7070
18,637,Sarah,Wood,FL,06/15/1972,***-**-6715
19,510,Jesus,Petersen,OK,03/28/1958,***-**-0770
20,122,Rhonda,Rosales,AL,04/10/1963,***-**-0286
21,294,Nicole,Richardson,LA,09/09/1981,***-**-5228
22,327,Jennifer,Mendez,OR,07/20/1977,***-**-1994
23,145,Sandra,Petty,NC,01/30/1981,***-**-7629
24,565,Michael,Hester,SD,04/13/1987,***-**-6836
25,590,Joseph,Brown,NH,08/28/1982,***-**-4744
26,340,Michelle,Cooper,WA,08/23/1993,***-**-2306
27,176,Barbara,Wise,IN,12/15/1991,***-**-7662
28,63,Carol,Rosales,NJ,07/20/1984,***-**-4907
29,121,Mark,Villa,MS,02/24/1969,***-**-2207
30,70,Russell,Orozco,MS,09/16/1973,***-**-5514
31,446,Michelle,Sanchez,OK,08/21/1994,***-**-5222
32,156,Briana,Ayala,CT,10/31/1965,***-**-4542
33,343,Shane,Roberts,HI,12/14/1958,***-**-6030
34,599,Cassandra,Morris,MT,01/24/1973,***-**-3831
35,102,Krista,Thompson,KY,07/25/1984,***-**-7445
36,377,Jon,Bennett,NM,09/13/1957,***-**-1689
37,240,April,Thomas,CO,12/03/1993,***-**-3580
38,455,Haley,Martinez,ID,01/15/1968,***-**-3736
39,503,Isaac,Stafford,SD,11/25/1989,***-**-5036
40,269,John,Martinez,NH,01/06/1987,***-**-3936
41,219,John,Phillips,WV,12/08/1982,***-**-4070
42,301,Gary,Shelton,SD,09/11/1978,***-**-9672
43,84,Amanda,Gordon,ME,10/12/1969,***-**-2966
44,588,Jessica,Holt,NE,09/12/1963,***-**-6084
45,540,Stephanie,Estes,SD,07/15/1966,***-**-9779
46,329,Jessica,Brown,MS,02/01/1992,***-**-7328
47,74,Donna,Manning,NM,05/19/1973,***-**-7781
48,29,Nicholas,Owens,VA,08/20/1991,***-**-7882
49,92,Wendy,Ryan,AZ,05/13/1960,***-**-0741
50,489,Kimberly,Hooper,GA,09/08/1971,***-**-3136
51,561,Deborah,Gonzalez,MT,05/28/1975,***-**-0643
52,44,Laura,Yoder,IN,04/18/1987,***-**-3016
53,138,Kimberly,Velez,AZ,03/07/1958,***-**-0707
54,623,Kevin,Garcia,OK,05/15/1973,***-**-4337
55,173,Marcia,Jones,ND,11/20/1972,***-**-0963
56,148,Nicole,Baldwin,NV,08/11/1978,***-**-5508
57,184,Katherine,Juarez,CA,02/13/1986,***-**-8687
58,228,Paula,Thompson,NC,09/22/1985,***-**-7734
59,117,Joan,Hoover,NM,02/27/1973,***-**-5429
60,544,Stephen,Simon,NV,11/28/1962,***-**-1621
61,116,Rebecca,Taylor,MN,09/30/1962,***-**-9126
62,622,Lindsay,Owens,DE,04/28/1973,***-**-6742
63,376,Justin,Payne,AK,07/03/1983,***-**-7892
64,100,Michelle,Thornton,GA,01/25/1961,***-**-4112
65,222,Timothy,Hill,SC,08/11/1985,***-**-4460
66,506,Karen,Johnson,OH,01/05/1976,***-**-5174
67,59,Alexis,Mcintosh,KY,03/01/1962,***-**-9185
68,456,Susan,Fitzgerald,AL,09/18/1961,***-**-3222
69,389,Amber,Stewart,OH,08/26/1958,***-**-3120
70,236,Taylor,Evans,NJ,07/17/1983,***-**-2641
71,78,Tracy,Knight,ID,09/27/1993,***-**-8339
72,253,Jason,Parks,AZ,02/27/1981,***-**-2601
73,67,Jonathan,Carroll,SC,06/15/1973,***-**-7126
74,642,Sara,Wallace,MS,06/21/1959,***-**-6918
75,279,Jeffrey,Mitchell,UT,05/23/1969,***-**-4559
76,41,April,West,DE,03/11/1986,***-**-9544
77,30,Ryan,Reynolds,IN,02/05/1973,***-**-2883
78,462,Rachel,Bell,AL,07/24/1989,***-**-1379
79,87,Amber,Williamson,LA,06/20/1984,***-**-4567
80,26,Tony,Park,UT,10/08/1968,***-**-7749
81,553,Robert,Jefferson,OH,10/04/1981,***-**-6302
82,151,Sarah,Hernandez,WY,07/05/1987,***-**-5549
83,523,Margaret,Foley,CA,12/19/1968,***-**-4633
84,434,Tina,Christensen,TN,03/01/1988,***-**-0333
85,1,Isaac,Gomez,WY,10/16/1987,***-**-4728
86,365,Phillip,Davis,VT,04/24/1961,***-**-5132
87,230,Brian,Douglas,NV,09/18/1979,***-**-9324
88,357,Teresa,Wilson,IN,08/12/1994,***-**-9378
89,142,Timothy,Wilson,WV,11/21/1993,***-**-1270
90,606,Lori,Davies,AK,08/21/1980,***-**-9489
91,129,Brittany,Stone,CO,11/21/1985,***-**-0950
92,34,Matthew,Rogers,CA,03/09/1974,***-**-2560
93,190,Francisco,Gardner,WI,08/18/1972,***-**-0367
94,259,Ashley,Patrick,OR,12/06/1979,***-**-7953
95,471,Brandi,Frey,MD,07/23/1979,***-**-2997
96,362,Garrett,Kelley,PA,12/20/1974,***-**-1192
97,620,Robert,Barron,NE,04/19/1985,***-**-0735
98,299,Lee,Serrano,WV,06/19/1967,***-**-0867
99,213,Jessica,Vance,DE,04/30/1959,***-**-9076
100,427,Russell,Ashley,OH,02/15/1973,***-**-2395
101,105,Catherine,Richardson,WY,10/03/1989,***-**-2969
102,260,Sheri,Hamilton,NH,03/12/1986,***-**-9319
103,547,Craig,Strickland,ND,02/27/1968,***-**-3498
104,28,Brandon,Hall,AK,09/30/1969,***-**-6416
105,486,Karla,Adams,VT,11/18/1962,***-**-7524
106,300,Ernest,Washington,FL,07/15/1990,***-**-9800
107,501,John,Owens,MT,05/15/1989,***-**-7554
108,584,Roberto,Farmer,LA,05/04/1968,***-**-3936
109,453,Tom,Bailey,IA,01/24/1980,***-**-1663
110,16,Jennifer,White,MI,01/17/1966,***-**-1698
111,185,Courtney,Mendez,NE,11/25/1961,***-**-8268
112,223,Jasmine,Miller,MD,05/13/1971,***-**-2427
113,290,Amy,Bryan,CA,06/24/1969,***-**-2636
114,71,Melvin,Pruitt,AK,05/06/1994,***-**-4970
115,73,Amanda,Carrillo,MS,10/25/1957,***-**-8942
116,549,Anthony,Nguyen,ND,03/10/1987,***-**-6484
117,359,Kaitlyn,Charles,NH,11/23/1965,***-**-7712
118,631,Rebecca,Pollard,FL,03/17/1977,***-**-9010
119,585,James,Jackson,ME,09/02/1987,***-**-8491
120,641,Gina,Jones,HI,02/05/1964,***-**-3596
121,564,Tyler,Woodward,KS,05/06/1983,***-**-7298
122,149,Hannah,Schultz,NY,12/28/1984,***-**-7228
123,430,Anthony,Sims,CT,04/20/1976,***-**-1311
124,587,Jessica,Wallace,WI,05/02/1981,***-**-7152
125,420,Jonathan,Pearson,VT,01/03/1980,***-**-7840
126,625,Richard,Hunt,IN,09/17/1987,***-**-9513
127,319,Madison,Ballard,DE,03/11/1966,***-**-3750
128,18,Kathryn,Blair,GA,08/07/1993,***-**-8028
129,535,Kristina,Patterson,CT,03/28/1958,***-**-5885
130,417,Kathryn,Bryant,CO,04/09/1957,***-**-8017
131,391,Jerry,Ayala,WA,03/02/1982,***-**-9737
132,274,Karen,Rodriguez,CT,07/30/1994,***-**-3813
133,270,Daniel,Jacobs,TX,04/24/1972,***-**-6724
134,537,Stephanie,Campbell,TN,08/30/1968,***-**-3547
135,341,Michael,Pacheco,LA,04/29/1977,***-**-6378
136,402,Steven,Garcia,MT,04/01/1991,***-**-9437
137,476,Brenda,Hall,TX,07/15/1957,***-**-7869
138,367,Rhonda,Smith,ME,06/27/1969,***-**-5595
139,407,Tracy,Francis,VT,01/26/1960,***-**-8950
140,280,Dawn,Fernandez,NE,04/14/1981,***-**-9216
141,524,Matthew,Wells,FL,08/29/1958,***-**-2780
142,57,Joel,Walker,FL,09/20/1979,***-**-6637
143,312,Paula,Shea,OH,08/15/1978,***-**-1746
144,649,Paul,Bell,WI,05/23/1976,***-**-7411
145,488,Frederick,Roberson,MI,01/02/1978,***-**-0114
146,139,Melissa,Armstrong,OR,03/17/1959,***-**-9454
147,412,Jennifer,Alexander,AK,01/15/1969,***-**-9026
148,5,Cassandra,Perez,IL,09/02/1986,***-**-1151
149,153,Anthony,Austin,WI,12/17/1965,***-**-9162
150,321,Cynthia,Jones,RI,08/11/1976,***-**-3428
151,541,Oscar,Bernard,IL,04/07/1990,***-**-5243
152,406,Amanda,Hendrix,AR,11/19/1980,***-**-7721
153,204,Vincent,Henry,UT,08/22/1961,***-**-5624
154,567,Lauren,Bush,GA,12/19/1976,***-**-3299
155,187,Stacey,Bates,CA,06/17/1961,***-**-1470
156,460,Amanda,Khan,NE,04/16/1971,***-**-9388
157,212,Amanda,Sutton,AR,12/07/1973,***-**-2368
158,617,Joshua,Li,ID,03/20/1992,***-**-6050
159,353,Becky,Kennedy,MI,04/05/1987,***-**-4807
160,383,Laura,Espinoza,FL,09/04/1978,***-**-5712
161,91,Joshua,Murphy,WI,12/31/1970,***-**-7318
162,429,Randall,Bowen,TX,04/11/1969,***-**-0666
163,40,Michelle,Pham,SC,07/31/1979,***-**-2595
164,298,Emily,Thomas,RI,07/10/1974,***-**-6906
165,400,Jessica,Kelley,KY,12/15/1976,***-**-4271
166,480,Jeffrey,Brown,WA,12/23/1968,***-**-7392
167,375,Jennifer,Keith,AR,11/24/1990,***-**-2614
168,626,Joshua,Romero,NM,10/14/1979,***-**-4169
169,97,Frank,Walker,AZ,12/13/1976,***-**-5611
170,291,Cody,Lindsey,AL,01/29/1965,***-**-8099
171,614,Cody,Baker,VT,03/09/1979,***-**-5896
172,552,Jaclyn,Wall,SD,12/13/1985,***-**-5336
173,338,Kaitlyn,Roy,MN,06/15/1965,***-**-0939
174,513,Allison,Lee,UT,04/04/1994,***-**-8932
175,231,Heather,Patterson,WV,06/08/1969,***-**-2886
176,443,Carrie,Thomas,MA,08/08/1980,***-**-8236
177,140,David,Gutierrez,NE,08/14/1967,***-**-9234
178,96,Harold,Robinson,NM,08/20/1965,***-**-7098
179,531,Alex,Graham,KY,11/27/1978,***-**-6911
180,403,Steven,Thompson,NJ,01/01/1978,***-**-0637
181,580,Barbara,Martin,NE,11/11/1971,***-**-5120
182,113,Theresa,Cochran,IA,02/23/1976,***-**-2404
183,289,Michael,Madden,CO,09/05/1964,***-**-2946
184,247,Brian,Chase,AZ,05/01/1989,***-**-3628
185,472,Carolyn,Rodriguez,RI,11/16/1962,***-**-2185
186,582,Breanna,Williams,NC,06/03/1994,***-**-8593
187,265,Anne,Cook,NY,11/11/1981,***-**-8560
188,281,Tara,Bowers,NY,09/22/1975,***-**-7048
189,330,Joyce,Hall,VA,10/10/1980,***-**-4819
190,372,Sydney,George,FL,01/24/1959,***-**-8264
191,628,Lindsay,Williams,NV,09/19/1977,***-**-4792
192,445,Darrell,Thomas,UT,03/14/1986,***-**-2653
193,316,Thomas,Knight,NJ,08/07/1965,***-**-2441
194,499,Carolyn,Diaz,DE,04/20/1991,***-**-2117
195,528,Karen,Ball,ND,04/13/1986,***-**-9411
196,242,Ronald,Richardson,GA,04/20/1988,***-**-6742
197,632,Donna,Williams,MS,09/01/1986,***-**-3144
198,313,Molly,Wright,WA,02/23/1991,***-**-7938
199,89,Jeffrey,Mcintyre,KS,06/02/1974,***-**-8359
200,130,Tabitha,Parks,IA,01/19/1975,***-**-8386
201,3,Melissa,Padilla,MT,12/08/1982,***-**-9382
202,586,George,Harris,AZ,11/15/1979,***-**-2111
203,355,Cheryl,Hancock,ID,09/03/1993,***-**-2522
204,532,Jeffrey,Paul,MT,01/12/1972,***-**-0457
205,326,Wendy,Jones,NY,04/20/1979,***-**-4078
206,225,Elizabeth,Johnson,AR,12/01/1981,***-**-8375
207,191,Charles,Green,SC,05/22/1990,***-**-9288
208,444,Jeffrey,Cooper,MD,12/14/1970,***-**-7671
209,490,Judith,Brooks,IN,01/25/1971,***-**-6779
210,609,Amanda,Ramsey,SC,04/10/1971,***-**-2683
211,47,Stephen,Oliver,CA,12/27/1984,***-**-5500
212,508,Nancy,Rodriguez,MD,02/13/1988,***-**-1027
213,388,Joshua,Powers,FL,05/13/1971,***-**-4897
214,331,Lisa,Stein,CA,02/07/1980,***-**-2075
215,264,Jessica,Martin,NV,08/18/1967,***-**-8568
216,589,George,Hardy,NM,04/17/1990,***-**-4162
217,278,Jonathan,Carney,CO,11/08/1990,***-**-0506
218,526,Carol,Robertson,IL,02/01/1959,***-**-6248
219,205,Susan,Zhang,CT,03/18/1983,***-**-5874
220,199,Christopher,Cameron,NY,08/30/1969,***-**-1053
221,550,Paul,Ramsey,MD,05/14/1990,***-**-6565
222,103,David,Torres,MS,03/26/1971,***-**-5176
223,465,Barbara,Roberts,KS,10/22/1993,***-**-9440
224,348,Nicholas,Dunn,MD,05/22/1985,***-**-1196
225,158,John,Long,NE,10/09/1966,***-**-8394
226,361,Shelby,Porter,ME,01/09/1992,***-**-7391
227,610,Judith,Robinson,FL,08/29/1973,***-**-3792
228,235,Justin,Holt,WY,09/19/1969,***-**-2854
229,442,Laura,Valdez,IL,09/14/1988,***-**-2068
230,215,Jesse,Rosales,WV,12/29/1989,***-**-0642
231,17,Amy,Duran,MN,04/02/1992,***-**-5581
232,363,Joshua,Williams,IN,11/06/1976,***-**-1375
233,438,Robert,Davis,NE,03/28/1986,***-**-0776
234,111,Lisa,Houston,OH,06/27/1966,***-**-5946
235,396,Timothy,Williams,IL,11/27/1978,***-**-5842
236,255,Kim,Finley,SC,03/09/1973,***-**-6351
237,226,Andrew,Lopez,TN,06/11/1962,***-**-7248
238,652,Veronica,Herrera,IA,10/22/1958,***-**-4723
239,64,Bob,Murphy,SD,01/14/1982,***-**-8100
240,415,Timothy,Duncan,IN,09/25/1977,***-**-7493
241,354,David,Sandoval,WV,11/26/1985,***-**-6963
242,517,Tony,Graves,ID,10/19/1980,***-**-5360
243,292,Andrea,Fuller,WA,07/17/1981,***-**-0698
244,579,William,Carney,WY,06/16/1974,***-**-3440
245,181,Daniel,Dominguez,KY,11/15/1992,***-**-9595
246,556,David,Franco,NY,10/30/1983,***-**-2451
247,351,Justin,Ortiz,AK,01/29/1961,***-**-6761
248,405,Sara,Jarvis,WV,07/23/1964,***-**-3953
249,647,Adam,Green,TN,05/09/1988,***-**-5674
250,646,Debra,Flores,KS,04/02/1969,***-**-7111
251,79,Jennifer,Adams,RI,12/04/1988,***-**-1210
252,371,Lori,Sosa,MI,06/14/1988,***-**-7062
253,542,Cory,Mora,NV,03/27/1985,***-**-0325
254,261,Denise,Hughes,UT,09/20/1966,***-**-7879
255,368,Anthony,Jenkins,MA,09/05/1957,***-**-0437
256,439,Leonard,Soto,NE,10/17/1986,***-**-1991
257,82,Donald,Todd,MI,07/16/1960,***-**-6930
258,431,Christopher,Long,VT,08/24/1979,***-**-2737
259,155,Donald,Pierce,NJ,02/27/1976,***-**-1562
260,189,Matthew,Sullivan,MS,02/25/1986,***-**-6697
261,393,Brianna,Stevens,MT,06/11/1965,***-**-4666
262,451,Jacqueline,Villegas,SC,02/13/1981,***-**-8948
263,22,Mary,Diaz,GA,02/18/1964,***-**-8701
264,470,Steven,Taylor,NH,12/01/1985,***-**-1803
265,384,Edward,Jimenez,KY,08/19/1980,***-**-1355
266,7,John,Joseph,PA,01/07/1992,***-**-0413
267,258,Jared,Fletcher,VT,07/16/1977,***-**-9304
268,568,Kathleen,Hill,NH,02/04/1970,***-**-3356
269,56,Johnny,Warner,NH,08/16/1965,***-**-4164
270,621,Frank,Smith,IL,02/08/1971,***-**-1100
271,49,Stephanie,Thompson,RI,03/26/1957,***-**-6249
272,397,Angela,Cannon,KS,09/13/1992,***-**-3459
273,36,Trevor,Robinson,WV,04/26/1967,***-**-3462
274,33,Gregory,Powers,KS,05/19/1969,***-**-8879
275,224,Michael,Sparks,NC,11/03/1982,***-**-6809
276,634,George,Flores,IA,01/31/1989,***-**-0195
277,144,Michael,Hall,AZ,01/22/1986,***-**-0161
278,491,Susan,Williamson,IN,05/27/1973,***-**-0355
279,309,Luis,Norton,WI,05/11/1988,***-**-6955
280,211,Victoria,Pearson,ND,03/07/1990,***-**-5518
281,475,Roger,Nichols,OR,01/13/1976,***-**-4515
282,493,Jenny,Mills,WI,11/10/1983,***-**-1434
283,128,Joshua,Moore,PA,09/30/1965,***-**-8369
284,262,James,Carr,AL,02/25/1979,***-**-8546
285,597,David,Lane,MN,04/21/1974,***-**-4614
286,325,Beth,Reese,PA,04/30/1961,***-**-1223
287,573,Lindsay,Thompson,KS,09/24/1986,***-**-1306
288,55,Amber,Taylor,NY,04/27/1982,***-**-6610
289,132,Oscar,Yates,IL,04/03/1977,***-**-0620
290,401,Anthony,Cooper,CA,06/04/1994,***-**-2490
291,483,Tracie,Harrison,DE,07/01/1983,***-**-7833
292,424,Corey,Herrera,OR,11/08/1970,***-**-3228
293,188,Anthony,Kim,WY,11/04/1981,***-**-7043
294,272,Kendra,Marshall,IN,09/11/1967,***-**-2658
295,545,Debbie,Chang,PA,02/17/1993,***-**-8022
296,193,Miranda,Simmons,IL,03/27/1964,***-**-2359
297,593,Catherine,Murphy,RI,08/11/1968,***-**-6401
298,463,Nicholas,Shelton,GA,06/07/1984,***-**-0704
299,334,Laura,Winters,GA,07/05/1969,***-**-4775
300,596,Jill,Barr,MN,04/07/1983,***-**-7889
301,373,Lauren,Ritter,KS,12/26/1970,***-**-7600
302,635,Anthony,Short,WY,06/07/1986,***-**-6004
303,315,Patrick,Yates,NC,05/07/1967,***-**-4036
304,120,Brett,Mitchell,WI,01/20/1976,***-**-8337
305,110,Andrea,Boone,CO,02/05/1983,***-**-1089
306,68,Charles,Alvarez,MT,02/01/1993,***-**-5142
307,14,Jeff,Garner,MA,12/21/1978,***-**-2191
308,200,Natalie,Williams,MA,06/14/1971,***-**-2753
309,62,Tracy,King,NC,11/17/1969,***-**-0822
310,263,Michael,Huang,SC,02/14/1990,***-**-6162
311,257,Ray,Miller,CA,03/09/1968,***-**-5774
312,61,Tracey,Powers,WY,04/28/1976,***-**-5107
313,107,Alexander,Moore,HI,07/05/1992,***-**-4136
314,322,Lisa,Fisher,NM,01/05/1977,***-**-4670
315,2,Tamara,Gentry,SC,04/03/1987,***-**-7430
316,81,Christopher,Fitzgerald,MA,04/19/1992,***-**-7096
317,337,Jose,Olson,PA,01/20/1991,***-**-7256
318,93,Carrie,Wallace,GA,02/07/1966,***-**-8007
319,366,Crystal,Smith,NY,04/30/1991,***-**-6884
320,287,Caroline,Edwards,NV,10/20/1959,***-**-7816
321,66,Carol,Baker,OR,08/01/1959,***-**-8196
322,243,Alexandra,Ward,AR,12/27/1973,***-**-3414
323,603,Krystal,Townsend,AZ,05/15/1990,***-**-6839
324,277,Melanie,Elliott,MN,06/21/1976,***-**-2869
325,583,Tracey,Barajas,AR,01/09/1973,***-**-9722
326,268,Eric,Barker,GA,12/09/1976,***-**-2136
327,234,Olivia,Elliott,NM,09/15/1991,***-**-7631
328,320,Daniel,Reed,NJ,12/24/1969,***-**-3333
329,461,Roberto,Pierce,MO,07/03/1964,***-**-9982
330,232,Lawrence,Stewart,MO,06/15/1987,***-**-1303
331,13,Michael,Snow,KS,02/17/1965,***-**-2820
332,108,Ashley,Cruz,MA,09/09/1973,***-**-3168
333,216,Jesus,Hobbs,MS,12/10/1975,***-**-2648
334,304,Jody,Riley,CT,01/08/1978,***-**-6681
335,94,Joseph,Scott,MD,11/23/1993,***-**-4445
336,171,Eric,Sullivan,SC,01/05/1993,***-**-8141
337,466,Christopher,Cervantes,VT,11/09/1975,***-**-7919
338,498,Jennifer,Leon,AR,02/03/1959,***-**-2413
339,180,Victor,Fuentes,WA,12/07/1957,***-**-5844
340,9,Christine,Marshall,AL,12/05/1972,***-**-6538
341,170,Amanda,Garcia,NJ,12/03/1961,***-**-1013
342,172,Nancy,Holloway,AK,03/13/1983,***-**-4965
343,46,Kimberly,Banks,AZ,07/03/1990,***-**-7861
344,576,Laura,King,AZ,06/04/1971,***-**-5040
345,11,Robert,Mendoza,IA,04/23/1982,***-**-0627
346,80,Jessica,Black,KY,12/11/1981,***-**-6296
347,77,Cynthia,Duffy,NC,07/08/1990,***-**-0500
348,555,Aaron,Henry,MI,10/15/1978,***-**-3379
349,95,Autumn,Peterson,OK,01/02/1965,***-**-9763
350,595,Danielle,Murphy,TX,08/15/1963,***-**-0413
351,543,Deborah,Hoffman,MT,10/20/1986,***-**-9690
352,227,Kathy,Palmer,AR,07/19/1972,***-**-3934
353,572,Tim,Smith,NC,04/22/1967,***-**-8047
354,387,Renee,Campbell,MO,11/09/1970,***-**-2594
355,380,Bryan,Mcdaniel,FL,04/19/1959,***-**-4659
356,203,Rhonda,Flores,WV,12/13/1974,***-**-3754
357,636,Jonathan,Wright,MO,06/17/1963,***-**-8490
358,256,Sydney,King,FL,01/12/1977,***-**-5923
359,85,Janet,Gonzales,UT,12/08/1972,***-**-0243
360,520,Steve,Russell,WA,08/19/1978,***-**-9820
361,233,Craig,Pennington,ND,12/25/1957,***-**-8248
362,410,Andrew,Thomas,MA,04/11/1963,***-**-7838
363,485,Miguel,Woods,ME,06/10/1992,***-**-1852
364,630,Samuel,Anderson,SC,03/02/1969,***-**-9480
365,295,Cynthia,Clarke,MA,05/29/1962,***-**-8148
366,487,Adam,Mcgrath,AK,06/20/1960,***-**-3185
367,616,Courtney,Oconnell,SD,04/03/1984,***-**-3672
368,435,Brandon,Hudson,IL,08/07/1966,***-**-4780
369,349,Rachel,Lewis,GA,02/06/1985,***-**-5213
370,557,Manuel,Rodriguez,WA,03/07/1981,***-**-0042
371,425,Gregory,Wilkinson,NC,08/23/1984,***-**-6395
372,273,Donna,Lopez,NH,08/03/1962,***-**-6360
373,69,David,Scott,MS,03/10/1992,***-**-0749
374,571,Gregory,Maxwell,NV,11/21/1977,***-**-7057
375,169,Daniel,Wilkins,MS,09/24/1975,***-**-4870
376,495,Jonathan,Henry,MT,06/08/1989,***-**-2026
377,350,Heather,Shepherd,WA,09/17/1984,***-**-2527
378,395,Cindy,Munoz,NH,10/30/1986,***-**-0435
379,75,Dalton,Bowman,ME,12/24/1977,***-**-8792
380,244,Jon,Clark,TN,06/18/1967,***-**-8771
381,509,Amber,Meyer,LA,09/04/1983,***-**-5604
382,339,Steven,Madden,IN,06/18/1972,***-**-9767
383,534,Victoria,Lewis,WA,01/04/1971,***-**-6283
384,419,Karl,Dudley,TX,12/14/1974,***-**-6649
385,386,Alicia,Stone,CO,12/24/1966,***-**-8324
386,328,Max,Mckay,SC,08/17/1960,***-**-4918
387,612,Richard,Brown,MT,06/30/1979,***-**-0117
388,502,Heather,Case,AR,12/22/1971,***-**-1698
389,390,Amy,Gonzalez,UT,10/12/1965,***-**-2150
390,404,Brandon,Armstrong,AZ,12/12/1973,***-**-5658
391,159,Terrance,Ewing,VA,01/15/1981,***-**-5340
392,115,Jessica,Boyd,VA,04/27/1960,***-**-9784
393,422,Corey,Taylor,MS,03/09/1966,***-**-4578
394,250,Frank,Blankenship,MS,11/17/1958,***-**-3591
395,638,Monica,Montgomery,MS,10/14/1975,***-**-3158
396,414,Tammy,Patrick,NM,09/07/1961,***-**-7381
397,127,Corey,Sawyer,DE,08/13/1982,***-**-9114
398,440,Linda,Anthony,SD,01/23/1994,***-**-7298
399,594,Travis,Patrick,TN,10/12/1967,***-**-7968
400,114,Linda,Davis,CT,08/08/1975,***-**-0620
401,109,Anthony,Adams,VT,02/09/1962,***-**-1396
402,515,Christopher,Johnson,CT,11/03/1959,***-**-5547
403,31,Tracy,Austin,RI,08/06/1980,***-**-1904
404,605,Matthew,Woodward,ID,03/26/1978,***-**-6667
405,421,Donna,Cole,NY,01/19/1973,***-**-3401
406,536,Alexis,Allen,TN,08/11/1963,***-**-6449
407,267,Stephen,Parker,CO,03/18/1967,***-**-9288
408,210,Nicole,Johnson,PA,05/01/1963,***-**-0265
409,560,Daniel,Green,AK,06/16/1976,***-**-7915
410,302,Dylan,Adams,CO,04/16/1966,***-**-4597
411,640,Jason,Davis,LA,06/06/1970,***-**-5627
412,449,Jennifer,Conrad,WY,10/08/1973,***-**-2874
413,202,Stephen,Dawson,AZ,06/30/1985,***-**-5741
414,168,Douglas,Smith,MA,04/07/1981,***-**-9028
415,119,Diane,Gray,HI,10/26/1968,***-**-1654
416,613,Benjamin,Gordon,CO,07/26/1974,***-**-3940
417,473,Stephanie,Miller,LA,09/08/1983,***-**-8885
418,615,Lynn,Stout,ME,09/17/1973,***-**-6531
419,10,Malik,Scott,ID,02/02/1958,***-**-4261
420,86,David,Brown,OK,07/28/1973,***-**-5706
421,500,Nathan,Jenkins,WI,01/11/1968,***-**-6468
422,38,Maria,Bryant,MA,07/17/1970,***-**-3505
423,633,Michael,Griffin,WA,09/15/1963,***-**-4120
424,530,Nathan,Smith,CA,04/17/1979,***-**-9334
425,177,James,Jackson,CA,06/01/1958,***-**-4595
426,266,Erika,Jones,AL,02/02/1977,***-**-1552
427,4,Stephanie,Leon,DE,04/06/1967,***-**-0580
428,12,Anthony,Walker,RI,12/25/1969,***-**-5284
429,477,Richard,Brooks,KY,10/17/1962,***-**-5295
430,575,Matthew,Bishop,NJ,06/10/1973,***-**-9588
431,37,Anthony,Thompson,MA,10/04/1990,***-**-1051
432,360,Justin,Garcia,NC,09/21/1961,***-**-6120
433,134,Miguel,Garcia,OH,12/21/1964,***-**-5477
434,416,Jeffrey,Randolph,IN,09/24/1976,***-**-2699
435,45,Raymond,Tran,FL,04/09/1957,***-**-8575
436,441,Brandon,Webb,UT,09/10/1966,***-**-8353
437,323,Brandon,Petersen,TN,07/06/1982,***-**-1657
438,58,Bryce,Ball,AZ,07/03/1994,***-**-1674
439,639,Blake,Watkins,NC,02/25/1973,***-**-0572
440,484,Gregory,Morales,CO,08/21/1960,***-**-5605
441,50,Alyssa,Wall,WA,08/24/1964,***-**-2643
442,533,Cynthia,Garcia,ID,11/11/1960,***-**-2024
443,611,Amber,Williams,NM,12/03/1969,***-**-7515
444,563,Steve,Stark,MI,07/02/1957,***-**-7390
445,562,Charles,Baird,FL,02/29/1968,***-**-2710
446,559,Mackenzie,Hall,AL,02/28/1990,***-**-6862
447,481,Aaron,King,SD,05/29/1964,***-**-8792
448,195,Joshua,Perez,GA,02/08/1984,***-**-1226
449,186,Alexander,Valdez,ND,10/24/1975,***-**-7833
450,160,Ashley,Santos,AL,06/18/1983,***-**-4884
451,143,Joshua,Stephens,VT,04/11/1988,***-**-9528
452,492,Steven,Long,TX,08/18/1994,***-**-4594
453,6,Jack,Jackson,NY,07/05/1975,***-**-4734
454,88,Roberto,Leonard,MA,01/20/1992,***-**-8779
455,161,Michael,Park,NM,06/05/1981,***-**-4033
456,83,Carl,Reeves,LA,12/11/1965,***-**-8325
457,254,Paul,Lee,IN,07/22/1976,***-**-7697
458,464,Kathryn,Ramirez,OH,08/04/1960,***-**-0099
459,284,Daniel,Medina,MS,10/31/1973,***-**-8215
460,25,Jesse,Gomez,SC,01/30/1961,***-**-3664
461,218,Brandon,Good,VA,08/01/1991,***-**-5586
462,99,Sandra,Suarez,GA,06/08/1974,***-**-7890
463,356,Jeffrey,Stevenson,CT,12/07/1957,***-**-3851
464,317,Richard,Mcdonald,ND,02/21/1957,***-**-8008
465,229,Joanna,Castillo,IN,03/07/1984,***-**-1576
466,581,Angelica,Reyes,AR,06/06/1992,***-**-7139
467,452,Jennifer,Wright,NM,03/06/1976,***-**-3901
468,518,James,Porter,CA,06/30/1957,***-**-1319
469,479,Krystal,Brown,TX,01/31/1961,***-**-8909
470,245,Christopher,Reyes,IN,02/01/1981,***-**-4713
471,653,Luis,Lewis,HI,07/18/1965,***-**-3601
472,19,Lynn,Owens,RI,03/24/1985,***-**-8776
473,650,Anthony,Phillips,NJ,12/12/1960,***-**-3754
474,137,Jessica,Mcdonald,MS,12/29/1970,***-**-2911
475,619,Michelle,Allen,TN,09/13/1972,***-**-8147
476,654,Victor,Webb,TN,01/17/1959,***-**-2267
477,201,Martin,Melton,NY,04/06/1972,***-**-7978
478,165,Pamela,Miles,NC,11/15/1962,***-**-5312
479,310,Christopher,Compton,SC,09/05/1958,***-**-6855
480,141,Annette,Rice,FL,03/15/1959,***-**-1866
481,600,Travis,Meza,NJ,01/10/1974,***-**-4313
482,529,Brian,Baker,IL,07/28/1976,***-**-2839
483,369,Sharon,Lee,DE,10/23/1967,***-**-7596
484,32,Brian,Sparks,HI,02/14/1967,***-**-8194
485,522,Dana,Ryan,VA,10/10/1962,***-**-3761
486,651,Maria,Stevens,CA,05/12/1958,***-**-9113
487,608,Julia,Berry,NH,06/17/1960,***-**-3759
488,336,Sarah,Williams,IA,09/12/1964,***-**-3882
489,516,Trevor,Short,ND,07/29/1980,***-**-2488
490,514,Michael,Johnson,ME,04/11/1962,***-**-6015
491,426,Louis,Cross,CO,11/13/1959,***-**-7111
492,497,Ryan,Smith,OK,04/24/1964,***-**-2228
493,468,Joan,Carter,KY,01/06/1964,***-**-8092
494,24,Karen,Franklin,VT,06/17/1967,***-**-4888
495,221,Christian,Palmer,AL,04/30/1992,***-**-6104
496,217,Kristopher,Smith,HI,10/20/1982,***-**-3545
497,399,Cheryl,Velez,TN,07/21/1963,***-**-3300
498,285,Jeffrey,Harris,MS,12/20/1993,***-**-9625
499,21,Jamie,Doyle,NV,06/11/1984,***-**-1529
500,447,Adam,Sims,ID,12/20/1973,***-**-6337
501,601,Joshua,Griffith,HI,08/01/1984,***-**-3344
502,378,Donald,Koch,CT,10/02/1989,***-**-5788
503,548,Wendy,Leonard,HI,03/18/1957,***-**-7962
504,42,Dana,Hubbard,FL,08/06/1980,***-**-4700
505,344,Brett,Carson,OK,02/27/1970,***-**-5338
506,252,Erica,Peters,SC,11/05/1980,***-**-0341
507,428,William,Carter,VT,01/31/1989,***-**-1954
508,220,Karen,Taylor,AZ,01/29/1986,***-**-6243
509,118,Virginia,Cobb,MI,12/04/1978,***-**-9307
510,618,Tamara,Watson,NJ,08/18/1968,***-**-6329
511,370,John,Middleton,OR,07/24/1983,***-**-7354
512,23,Alex,Cruz,CT,12/23/1964,***-**-4744
513,511,Theresa,Crawford,IL,01/08/1973,***-**-9276
514,43,Glenn,Chavez,NE,11/29/1970,***-**-5246
515,311,Carrie,Davis,WI,07/16/1963,***-**-7399
516,136,Michael,Haynes,NE,09/13/1974,***-**-3346
517,72,Michele,Arellano,IN,04/12/1981,***-**-5875
518,65,Gina,Stevens,PA,04/05/1992,***-**-2359
519,577,Elizabeth,Hatfield,NM,04/07/1959,***-**-7821
520,35,Michael,Reyes,FL,07/21/1958,***-**-1842
521,296,Spencer,Wilson,IN,09/18/1959,***-**-7753
522,578,Kevin,Smith,IN,08/26/1992,***-**-8582
523,98,Steven,Giles,VA,11/19/1980,***-**-2061
524,569,Mario,Butler,MA,05/03/1979,***-**-3035
525,248,Billy,Romero,VT,01/29/1958,***-**-3100
526,433,Katie,Miller,MA,07/09/1970,***-**-7579
527,307,William,Salinas,MO,04/24/1983,***-**-6013
528,398,Kendra,Alvarado,CA,10/07/1957,***-**-0633
529,60,Kimberly,Wright,OH,03/20/1979,***-**-9022
530,282,Judy,Nelson,NV,10/17/1968,***-**-2012
531,436,Alexandra,Golden,ND,04/08/1978,***-**-3418
532,318,Patricia,Park,CO,07/28/1965,***-**-5775
533,494,Kylie,Chavez,CT,01/10/1965,***-**-3816
534,644,Randy,Edwards,OR,06/29/1980,***-**-9087
535,413,Glenda,Hebert,NY,05/18/1987,***-**-7625
536,345,Erin,Garrett,SD,04/29/1980,***-**-5815
537,123,Donna,Floyd,SD,03/30/1957,***-**-1819
538,208,Brandon,Watson,PA,02/12/1974,***-**-3375
539,346,Paul,Patterson,PA,02/22/1985,***-**-4729
540,385,Hannah,Henderson,PA,12/21/1960,***-**-5897
541,454,Autumn,Smith,CA,07/24/1974,***-**-7279
542,209,Steven,Contreras,DE,05/31/1986,***-**-6852
543,271,Miguel,Russell,UT,09/25/1986,***-**-0302
544,152,Kim,Martin,SC,08/03/1964,***-**-3452
545,283,Heidi,Proctor,OH,01/31/1993,***-**-9545
546,592,Nicholas,May,KS,06/19/1976,***-**-8728
547,469,Michael,Nunez,WV,06/22/1982,***-**-9379
548,306,Gregory,Bowen,OH,07/05/1981,***-**-1510
549,237,Jennifer,Juarez,OK,06/30/1969,***-**-9009
550,457,April,Williamson,KS,10/25/1990,***-**-8318
551,293,Francisco,Smith,ND,08/12/1972,***-**-1836
552,374,Roger,Taylor,GA,11/02/1975,***-**-6293
553,276,Gabriela,Williams,AZ,01/10/1976,***-**-5792
554,112,Stephanie,Pittman,MD,12/05/1965,***-**-0840
555,333,Sarah,Porter,AZ,08/09/1962,***-**-3997
556,546,Ernest,Cooper,NJ,09/24/1971,***-**-2003
557,496,Alexandra,Fisher,AK,03/06/1976,***-**-2206
558,504,Henry,Turner,OK,11/20/1984,***-**-7954
559,126,Charles,Rogers,NV,08/31/1984,***-**-8407
560,418,Keith,Lynch,IA,02/26/1988,***-**-4803
561,566,Lindsay,Bowman,AL,08/24/1972,***-**-8895
562,249,Jennifer,Lutz,RI,07/05/1990,***-**-2943
563,624,Mark,Mills,AR,11/20/1962,***-**-7406
564,358,Dawn,Thomas,NC,08/05/1960,***-**-0942
565,197,Keith,Tyler,MO,05/10/1975,***-**-7953
566,538,Joseph,Smith,LA,03/12/1960,***-**-3836
567,164,Michael,Dudley,SD,03/10/1966,***-**-3459
568,450,Blake,Bowman,ND,01/17/1961,***-**-8076
569,602,Amy,Graves,SC,08/22/1994,***-**-9448
570,239,Robert,Hill,AR,10/03/1968,***-**-8902
571,627,Robert,Davis,MD,08/13/1988,***-**-5405
572,459,Tammy,Horton,RI,03/06/1981,***-**-0677
573,394,Allison,Watkins,NV,03/27/1992,***-**-1605
574,554,James,Mathis,IA,11/29/1989,***-**-3276
575,90,Sabrina,Shelton,ID,02/03/1958,***-**-2668
576,364,Rachel,Coleman,SD,10/26/1983,***-**-7638
577,574,William,Cantrell,CA,08/17/1973,***-**-4706
578,607,Donna,Carroll,MA,09/16/1968,***-**-9127
579,157,Tammy,Harris,OH,01/26/1961,***-**-8283
580,241,Debra,Pena,MN,10/16/1957,***-**-9872
581,558,James,Reilly,SD,03/01/1957,***-**-7935
582,324,Robert,Krause,NM,03/11/1957,***-**-5246
583,183,Chad,Crawford,IL,11/05/1990,***-**-0638
584,381,Luke,Huerta,MI,01/05/1986,***-**-5912
585,505,Corey,Long,MO,09/06/1978,***-**-9787
586,437,Joshua,Flores,NE,10/30/1987,***-**-5727
587,135,Jeffery,Collins,KY,06/01/1993,***-**-4791
588,27,Michael,Clements,NC,01/03/1994,***-**-6223
589,48,Christopher,Williams,HI,02/23/1977,***-**-6535
590,286,Laura,Mata,AL,10/22/1966,***-**-5794
591,308,Jessica,Campbell,FL,09/16/1968,***-**-2121
592,163,Kristy,Hebert,WA,11/12/1973,***-**-9892
593,275,Rachel,Silva,ND,11/19/1974,***-**-3474
594,521,Tyrone,Dean,VA,01/31/1986,***-**-5932
595,53,Angela,White,ME,02/17/1963,***-**-2921
596,539,Teresa,Bell,IN,05/12/1975,***-**-1580
597,482,Edwin,Williams,PA,07/27/1981,***-**-6206
598,342,Hannah,Hicks,LA,06/05/1978,***-**-9383
599,150,Kevin,Rivera,DE,03/14/1994,***-**-8418
600,448,Trevor,Jones,OR,07/28/1959,***-**-5747
601,604,Emily,Silva,MN,04/24/1989,***-**-5242
602,154,Emma,Thomas,ND,02/25/1960,***-**-2668
603,591,Lisa,Myers,WI,07/22/1980,***-**-7446
604,196,Jennifer,King,MD,02/04/1975,***-**-2581
605,507,Dylan,Walker,GA,11/01/1971,***-**-4143
606,409,Andrea,Snyder,KY,07/10/1981,***-**-3882
607,629,Samuel,Lane,OK,02/09/1992,***-**-2267
608,305,Jennifer,Cameron,OR,05/16/1962,***-**-7541
609,297,Rodney,Cross,NE,06/14/1985,***-**-4949
610,133,Dustin,Brown,OR,12/18/1990,***-**-3364
611,125,Krista,Mack,SD,09/30/1969,***-**-0563
612,106,Luis,Ruiz,NV,02/01/1977,***-**-4894
613,335,Cassandra,Johnson,AL,12/01/1991,***-**-0203
614,648,Ruth,Nichols,NE,07/21/1990,***-**-7608
615,332,Pamela,Dean,CT,08/15/1987,***-**-3302
616,175,Beth,Lee,MN,12/08/1961,***-**-1371
617,104,Christopher,Martin,WY,04/26/1977,***-**-9812
618,314,Amanda,Johnson,MA,09/03/1974,***-**-7153
619,551,Joseph,Barnett,OR,10/24/1959,***-**-1644
620,124,Maria,Burns,WV,11/24/1979,***-**-9488
621,8,Kevin,Riley,WV,09/05/1962,***-**-5605
622,251,Brian,Reyes,WV,07/15/1962,***-**-0510
623,643,Jeffrey,Robinson,MO,06/21/1958,***-**-6490
624,238,David,Gardner,FL,09/05/1961,***-**-8396
625,303,Tracey,Downs,NM,02/28/1974,***-**-4596
626,519,Cody,Ramirez,LA,10/15/1982,***-**-7950
627,178,Heather,Gray,KS,05/09/1981,***-**-6848
628,458,Erika,Lewis,CO,02/15/1960,***-**-9111
629,207,Ronald,Maynard,KY,11/22/1978,***-**-9020
630,598,Ashley,Saunders,GA,06/11/1991,***-**-5309
631,352,Paul,Kaufman,IA,11/02/1978,***-**-0964
632,645,Nathan,Rosario,NY,06/15/1964,***-**-5027
633,146,Melissa,Nguyen,MN,10/06/1978,***-**-1193
634,51,Mitchell,Gill,KY,07/27/1989,***-**-7598
635,512,Michael,Shaw,OR,04/18/1977,***-**-8249
636,467,Crystal,Jones,MD,12/20/1972,***-**-8160
637,179,Jasmine,Harrison,WV,12/04/1957,***-**-0602
638,54,Chase,Grant,KS,05/04/1985,***-**-1229
639,570,Shawn,Kidd,MN,04/10/1961,***-**-4240
640,527,Chris,Robinson,SC,01/24/1970,***-**-1013
641,288,Carla,Smith,AL,05/05/1969,***-**-6182
642,382,Kimberly,Burns,CA,01/30/1985,***-**-5610
643,408,Lori,Sullivan,NY,10/05/1992,***-**-4062
644,147,Jennifer,Williams,ME,02/25/1994,***-**-7025
645,198,John,Lamb,CO,03/09/1986,***-**-1494
646,194,Joanne,Lamb,LA,06/28/1974,***-**-6922
647,206,David,Brown,DE,12/27/1978,***-**-4274
648,76,Scott,Leach,AR,04/03/1985,***-**-5144
649,432,Andrew,Tyler,IA,04/08/1970,***-**-3511
